id,name,contact,email
1,가이오산전,010-3315-6008,opposed@long.com
2,가이오산업,010-1055-1851,typesetting@containing.com
3,게임파크,010-1718-7808,dolor@line.com
4,광동제약,010-5472-3887,from@type.com
5,고려이앤씨,010-4261-6674,written@many.com
6,국도화학,010-0123-8620,including@some.com
7,국순당,010-9580-9435,hidden@editors.com
8,국정교과서,010-7765-1186,section@through.com
9,교보문고,010-7201-4931,below@used.com
10,교보생명보험,010-1338-2476,looks@comes.com
11,교원그룹,010-2660-2945,even@still.com
12,교학사,010-3312-5258,into@very.com
13,국민은행,010-6409-6491,used@come.com
14,국민일보,010-7525-5972,printer@still.com
15,국수나무,010-0316-3769,uncover@slightly.com
16,귀뚜라미,010-3184-2778,versions@professor.com
17,그라비티,010-8835-6810,type@with.com
18,큰길,010-0096-1741,richard@cicero.com
19,그랜드마트,010-7380-3476,good@treatise.com
20,그랜드백화점,010-8379-7438,software@sometimes.com
21,그랜드애플,010-7303-9347,college@software.com
22,금복주,010-8721-8895,contrary@specimen.com
23,금호리조트,010-2162-4751,slightly@model.com
24,금호산업,010-2504-6317,took@line.com
25,금호석유화학,010-5199-7814,making@model.com
26,금호아시아나그룹,010-3508-7497,where@more.com
27,금호타이어,010-2795-6278,injected@packages.com
28,기륭전자,010-3002-6798,where@through.com
29,기아자동차,010-7384-1204,their@reader.com
30,경향신문,010-9956-3634,release@very.com
31,나라케이아이씨,010-4734-0320,suffered@exact.com
32,나이스신용평가,010-5515-8833,theory@does.com
33,나이스평가정보,010-0531-3433,established@word.com
34,남양유업,010-2825-7899,that@comes.com
35,남해화학,010-0067-5456,theory@dummy.com
36,네오위즈홀딩스,010-1925-6774,extremes@latin.com
37,네이버,010-6581-1637,also@make.com
38,넥센타이어,010-3979-5974,years@their.com
39,넥슨,010-2671-6096,containing@uses.com
40,넷마블게임즈,010-9664-3485,that@going.com
41,넷피아,010-3517-1891,distribution@treatise.com
42,뉴스타운,010-4819-7591,undoubtable@standard.com
43,뉴데일리,010-0438-4436,good@internet.com
44,노컷뉴스,010-8901-4410,what@various.com
45,노피어레코즈,010-2411-0836,used@exact.com
46,녹십자,010-9759-9802,from@need.com
47,농심,010-6261-7872,through@typesetting.com
48,농심켈로그,010-1650-5327,popularised@packages.com
49,농협,010-9887-8117,majority@make.com
50,더달콤,010-6914-8765,uncover@established.com
51,더블랙레이블,010-1266-0769,content@uses.com
52,더파티,010-8933-3168,with@reproduced.com
53,다모아자동차,010-6000-3651,dolor@true.com
54,다솜투어,010-5285-9961,chunk@combined.com
55,다이소아성산업,010-7278-0035,popular@editors.com
56,단성사,010-5421-6158,sheets@ipsum.com
57,드마리스,010-9202-8546,from@various.com
58,대구텍,010-8734-9551,embarrassing@type.com
59,대동공업,010-0972-6402,pagemaker@contrary.com
60,대림그룹,010-6317-7155,like@reader.com
61,대신증권,010-7319-8037,years@sheets.com
62,대성산업,010-5412-5936,long@reproduced.com
63,대성출판,010-0590-5900,alteration@only.com
64,대우건설,010-8379-8874,versions@popularised.com
65,대우전자부품,010-1566-2666,packages@ever.com
66,대웅제약,010-0568-1123,classical@chunk.com
67,대원강업,010-7190-9858,sheets@page.com
68,대원교통,010-5704-4266,undoubtable@will.com
69,대원씨아이,010-1794-1209,exact@original.com
70,대한극장,010-9352-1216,contrary@alteration.com
71,대한제분,010-1326-8597,even@versions.com
72,대한타이어,010-3479-5648,distribution@finibus.com
73,대한통운,010-2187-5050,those@anything.com
74,대한항공,010-3898-6396,free@sites.com
75,데일리안,010-2840-3524,section@book.com
76,디엔에이링크,010-0668-3184,first@through.com
77,디지틀조선,010-0410-9590,from@look.com
78,도미노피자,010-0147-8995,even@typesetting.com
79,도원교통,010-3383-9146,passage@packages.com
80,동국제강,010-7551-4627,popular@exact.com
81,DB그룹,010-7423-5679,come@contrary.com
82,동부건설,010-3603-9647,evolved@normal.com
83,동부제철,010-9487-1716,text@letraset.com
84,동서식품,010-1081-4228,page@page.com
85,동성제약,010-7579-6826,roots@even.com
86,동아운수,010-4564-4888,those@recently.com
87,동아제약,010-8795-9510,middle@embarrassing.com
88,동원건설,010-6403-4281,when@have.com
89,동원F&B,010-0744-8966,software@from.com
90,동양시멘트,010-6348-1461,also@like.com
91,동일방직,010-9486-7762,slightly@leap.com
92,동화약품,010-8037-0510,five@bonorum.com
93,동해도,010-8778-6434,those@aldus.com
94,두루두루amc,010-1109-0785,distribution@extremes.com
95,두산그룹,010-3770-5066,specimen@reproduced.com
96,두산건설,010-7003-3583,injected@good.com
97,두산동아,010-4032-8230,looking@roots.com
98,두산인프라코어,010-3004-4430,publishing@internet.com
99,두산중공업,010-7249-7241,electronic@took.com
100,듀오정보,010-5506-4562,repeat@more.com